0;1
dia 30 /06 pacote anti crime reforma da previdencia lava jato;1
o discurso dos politicos canalhas e corruptos de esquerda contra a reforma da previdencia :https://t.co/rmz4nt5i1q;1
o brasil precisa fazer a reforma da previdencia . 5 estados brasileiros ja quebraram . e se nao fazer a reforma da p ... ;1
putz que ridiculo esse vt da reforma da previdencia ;0
fomos no dia 26 de maio e iremos novamente no dia 30 de junho , em apoio ao sergio moro e em defesa :da lava jato ... ;1
brasileiros, nao nos esquecamos que esses deputados e senadores que sao contra a lava-jato , contra a reforma da p ... ;1
fattorelli explica a crise que esta justificando a reforma da previdencia ;1
quando o dono do pequeno comercio pensa que sera deneficiado pela reforma da previdencia ,digo! sifu .;0
reforma da previdencia .um papo perigoso para humanos .;0
eu vou , pela aprovacao da reforma da previdencia de 1 tri com capitalizacao , pelo pacote anticrime , pelo direito a a ... ;1
e, meus amigos ... a gente nao para mesmo ! agora o dicotomia tem , alem dos textos e videos , o podcast !... ;0
um passo a mais para derrotar a reforma da previdencia via ;0
ainda existe idiotas que dizem que bolsonaro so esta se preocupando com a sua reeleicao com essa reforma previdenci ... ;1
